tools	ave_error
PHASTEST	9119.184905660377
geNomad	4782.952205882353
VirSorter2	95540.98127340824
VIBRANT	6797.281368821293
DBSCAN-SWA	6273.952380952381
Phigaro	7816.956692913386
PhiSpy	10263.713675213676
