type	class	num	percent
votu	single	12425	0.488576934
votu	multi	13006	0.511423066
genus	single	375	0.082056893
genus	multi	4195	0.917943107
family	single	41	0.060029283
family	multi	642	0.939970717
