taxon	ratio
species	95.09923366
genus	99.5670734
family	99.89583721
order	99.92699304
class	99.96303151
phylum	99.96442655
