taxon	ratio
species	79.9777259
genus	49.84422083
family	36.74016964
order	34.4776515
class	19.95996243
phylum	19.86347234
